frame_index,file_path,file_name,x,y,z,forward_x,forward_y,forward_z,up_x,up_y,up_z,right_x,right_y,right_z,yaw_xz_deg,pitch_y_deg,step_from_previous,step_zscore
166,images/frame_00257.jpg,frame_00257.jpg,-2.4075363163884487,-4.073658296207832,0.8065674882150683,0.6095575610163577,0.7927384374679136,-0.002312481074513794,0.004830386662289987,-0.0007971675443374498,0.9999880148724778,0.7927270937545166,-0.6095614261785575,-0.004315152683392504,90.21736219615586,52.442164232864265,8.847770175957546,19.51022156474578
423,images/frame_00258.jpg,frame_00258.jpg,-2.347764317274562,-3.9875027350783494,0.8073819386482161,0.6099684519113745,0.7924227879159287,-0.0021472923388302797,0.004666576825471415,-0.0008823528710750012,0.9999887211934657,0.7924119564554623,-0.6099715933098508,-0.004236109237109207,90.20169941541104,52.41250473337022,6.341682746532161,13.903462589658215
296,images/frame_00059.jpg,frame_00059.jpg,2.6241994774090935,0.8923111113451857,-0.06240549383836588,-0.7352093144140049,-0.6777878590703813,-0.008419031754165989,0.005716604537769397,-0.018619890165826904,0.9998102910666461,-0.6778160387829778,0.7350217110990678,0.01756416185165257,-90.65607697655672,-42.671019462500894,3.184596792813222,6.8402533024246965
355,images/frame_00060.jpg,frame_00060.jpg,2.61822608729681,0.899649173276468,-0.06241568752654309,-0.7350766145472653,-0.6779308711337592,-0.00849133143586312,0.005304716173394014,-0.018274970508337148,0.9998189253256007,-0.6779632945315336,0.7348984674203246,0.017029734325795663,-90.66183008071962,-42.68216483977973,2.130922695506229,4.482914674678642
103,images/frame_00604.jpg,frame_00604.jpg,0.4435916882144137,-3.612814071836592,-0.9016499091629468,-0.6066352943635726,0.7949719328262284,0.0036391827313766952,-0.0028320219665946764,-0.006738715874925946,0.9999732833230784,0.7949752180313563,0.6066087814455771,0.006339320871347609,-89.65628885736932,52.652604711515686,0.7039069859629333,1.2903153091779163
510,images/frame_00345.jpg,frame_00345.jpg,0.31411439053099466,0.6311097398051041,1.135446593212285,0.0006668097852726666,0.9999819603005156,0.005969291268506212,0.0016640522771295887,-0.005970393917701764,0.9999807914787595,0.999998392146072,-0.000656863764771399,-0.0016680033768808422,6.373897699064626,89.6558459121991,0.6953077958424697,1.2710767200447957
509,images/frame_00344.jpg,frame_00344.jpg,0.33836865126267085,-0.06347088037298244,1.114893640414742,-0.0010799702661632754,0.9999819252583831,0.005914458619504681,0.0017330634195251845,-0.005912581561224083,0.99998101775507,0.9999979140755286,0.001090199898873125,-0.0017266466842959306,-10.348109338416199,89.65551181354863,0.6789134704953276,1.2343984183617331
102,images/frame_00605.jpg,frame_00605.jpg,-0.11022268481669115,-4.047278584657818,-0.8977419415836959,-0.6066106658033058,0.7949920470970019,0.0033381411277111314,-0.0027815058202372003,-0.006321261492867538,0.9999761511548717,0.794994189512755,0.606586914387095,0.006045819654993591,-89.68470803723005,52.65450448083692,0.651925858074293,1.1740202223015443
580,images/frame_00415.jpg,frame_00415.jpg,-0.14145024200819842,4.291429209306369,-0.38210222860101645,0.1206161742990649,-0.9925927897285193,-0.014535827338451173,0.010651855981253611,-0.013347791440095838,0.9998541755815327,-0.992642067646547,-0.12075341917572097,0.008962995914335765,96.87175197422003,-83.02196075586075,0.6337820951267918,1.1334279809641827
104,images/frame_00603.jpg,frame_00603.jpg,0.915123847917926,-3.2308089530028323,-0.9036918899242765,-0.6066499083636758,0.7949589575620734,0.004017769799930932,-0.0028514026655729616,-0.0072298721404763,0.9999697977697483,0.7949639967855037,0.6066201305105644,0.00665274936876739,-89.6205424516373,52.65137925680782,0.606856373564028,1.0731882505939818
158,images/frame_00549.jpg,frame_00549.jpg,4.272771899172068,0.5457338286425133,-0.8655008252703339,-0.7761499746648726,-0.6305237022918968,-0.005574556111218735,0.00619975848201504,-0.01647144277546675,0.9998451142890379,-0.6305178647924913,0.7759951999986946,0.01669340458096158,-90.41150944571984,-39.08877091816474,0.5985954429910063,1.054706434640943
62,images/frame_00645.jpg,frame_00645.jpg,-3.8884164665224072,-1.8148836140043967,-0.8454023976718538,0.9758124792963357,0.2184370723952034,-0.008674598143473353,0.009117537651451284,-0.001019854184499824,0.9999579133166638,0.2184190324965121,-0.975850502536559,-0.00298679467532037,90.50932405706514,12.61725131032474,0.5640145175059492,0.9773400538620272
508,images/frame_00343.jpg,frame_00343.jpg,0.3669480951214397,-0.7417788162295907,1.1126442043341163,-0.0010516051780276108,0.9999835282606245,0.005642280920197842,0.001755987483567952,-0.005640428763880217,0.9999825498834052,0.9999979043150575,0.0010614946031307787,-0.001750027057055411,-10.557620036133452,89.67114234366312,0.5466467043293478,0.9384838107548658
505,images/frame_00340.jpg,frame_00340.jpg,0.4097160427539902,-1.6687518609943128,1.1206774702924303,0.0002958234840011029,0.9999889737505315,0.004686455571621883,0.0014684656102429915,-0.004686885125624032,0.9999879372855309,0.9999988770479784,-0.00028893801701496174,-0.0014698359107316486,3.611893619244431,89.73093826622238,0.5443898562560645,0.9334346640085402
504,images/frame_00339.jpg,frame_00339.jpg,0.42705527738565635,-2.2126738952548313,1.106238385044881,-0.00017668472728061914,0.9999900643278925,0.004453990121738002,0.001142463080125002,-0.004453785430756543,0.9999894282308426,0.9999993307800848,0.00018177137886556715,-0.0011416648142639077,-2.2716673910680365,89.74459075389464,0.537898572542707,0.9189120009951227
581,images/frame_00416.jpg,frame_00416.jpg,0.37864699331834467,4.35728306983263,-0.3855750128424078,-0.08318531306232643,-0.996461681064914,-0.012013320107627602,0.00802334629481181,-0.01272440839220898,0.9998868502712204,-0.9965017950836597,0.08307951372242053,0.00905344104138636,-98.21763300239668,-85.1786988689678,0.5242613140132629,0.8884019634131212
339,images/frame_00014.jpg,frame_00014.jpg,2.8156153438358946,-0.4337118758969622,-1.9384664872874158,-0.7435944732576834,-0.6684760104460334,-0.014390302247792575,-0.00364757723893594,-0.017466136207430268,0.9998408009609677,-0.6686209333553015,0.74352858421458,0.010549404483082826,-91.10866972285964,-41.9495512512853,0.5130223648356583,0.8632575576624663
6,images/frame_00701.jpg,frame_00701.jpg,-2.4158877668052514,0.3389386545835855,-0.8272475677925862,0.8933382393931318,-0.44915586961855414,-0.014345481002027776,0.013362379041395847,-0.005358652139663129,0.99989635946612,-0.44918619175608376,-0.8934373439891833,0.001214702111758691,90.91999294416009,-26.68953831061611,0.5031920152736579,0.8412645497618473
196,images/frame_00227.jpg,frame_00227.jpg,-3.779510646564859,-3.3190074031929946,0.6974761746909482,0.7919915453035011,0.6105293514245465,-0.0018169251209330956,0.0035552821848746177,-0.0016360265477261906,0.9999923406635278,0.6105217032476064,-0.7919919396472782,-0.003466323323620286,90.13144326995531,37.627788367843856,0.5007344729371365,0.8357663985839738
5,images/frame_00702.jpg,frame_00702.jpg,-1.9715363429582016,0.10281982587390029,-0.8286314352107083,0.8913325844149922,-0.45312658850593934,-0.014230837960561243,0.013081743609840915,-0.005669954428543727,0.9998983536344607,-0.453161218490966,-0.8914281487622809,0.0008738707202013427,90.91469525300714,-26.944460278220625,0.4983960316533014,0.8305347069430865
