pair_index,original_path,splatfacto_path,nerfacto_path,original_name,splatfacto_name,nerfacto_name,sample_order
6,/content/drive/MyDrive/Tesis: Tecnicas de CV para Reconstruccion Arquitectonica/notebooks/datasets/original/frame_00007.jpg,/content/drive/MyDrive/Tesis: Tecnicas de CV para Reconstruccion Arquitectonica/notebooks/datasets/splatfacto/frame_00007.jpg,/content/drive/MyDrive/Tesis: Tecnicas de CV para Reconstruccion Arquitectonica/notebooks/datasets/nerfacto/frame_00007.jpg,frame_00007.jpg,frame_00007.jpg,frame_00007.jpg,0
25,/content/drive/MyDrive/Tesis: Tecnicas de CV para Reconstruccion Arquitectonica/notebooks/datasets/original/frame_00026.jpg,/content/drive/MyDrive/Tesis: Tecnicas de CV para Reconstruccion Arquitectonica/notebooks/datasets/splatfacto/frame_00028.jpg,/content/drive/MyDrive/Tesis: Tecnicas de CV para Reconstruccion Arquitectonica/notebooks/datasets/nerfacto/frame_00028.jpg,frame_00026.jpg,frame_00028.jpg,frame_00028.jpg,1
27,/content/drive/MyDrive/Tesis: Tecnicas de CV para Reconstruccion Arquitectonica/notebooks/datasets/original/frame_00028.jpg,/content/drive/MyDrive/Tesis: Tecnicas de CV para Reconstruccion Arquitectonica/notebooks/datasets/splatfacto/frame_00030.jpg,/content/drive/MyDrive/Tesis: Tecnicas de CV para Reconstruccion Arquitectonica/notebooks/datasets/nerfacto/frame_00030.jpg,frame_00028.jpg,frame_00030.jpg,frame_00030.jpg,2
30,/content/drive/MyDrive/Tesis: Tecnicas de CV para Reconstruccion Arquitectonica/notebooks/datasets/original/frame_00031.jpg,/content/drive/MyDrive/Tesis: Tecnicas de CV para Reconstruccion Arquitectonica/notebooks/datasets/splatfacto/frame_00034.jpg,/content/drive/MyDrive/Tesis: Tecnicas de CV para Reconstruccion Arquitectonica/notebooks/datasets/nerfacto/frame_00034.jpg,frame_00031.jpg,frame_00034.jpg,frame_00034.jpg,3
32,/content/drive/MyDrive/Tesis: Tecnicas de CV para Reconstruccion Arquitectonica/notebooks/datasets/original/frame_00033.jpg,/content/drive/MyDrive/Tesis: Tecnicas de CV para Reconstruccion Arquitectonica/notebooks/datasets/splatfacto/frame_00036.jpg,/content/drive/MyDrive/Tesis: Tecnicas de CV para Reconstruccion Arquitectonica/notebooks/datasets/nerfacto/frame_00036.jpg,frame_00033.jpg,frame_00036.jpg,frame_00036.jpg,4
44,/content/drive/MyDrive/Tesis: Tecnicas de CV para Reconstruccion Arquitectonica/notebooks/datasets/original/frame_00045.jpg,/content/drive/MyDrive/Tesis: Tecnicas de CV para Reconstruccion Arquitectonica/notebooks/datasets/splatfacto/frame_00049.jpg,/content/drive/MyDrive/Tesis: Tecnicas de CV para Reconstruccion Arquitectonica/notebooks/datasets/nerfacto/frame_00049.jpg,frame_00045.jpg,frame_00049.jpg,frame_00049.jpg,5
46,/content/drive/MyDrive/Tesis: Tecnicas de CV para Reconstruccion Arquitectonica/notebooks/datasets/original/frame_00047.jpg,/content/drive/MyDrive/Tesis: Tecnicas de CV para Reconstruccion Arquitectonica/notebooks/datasets/splatfacto/frame_00052.jpg,/content/drive/MyDrive/Tesis: Tecnicas de CV para Reconstruccion Arquitectonica/notebooks/datasets/nerfacto/frame_00052.jpg,frame_00047.jpg,frame_00052.jpg,frame_00052.jpg,6
71,/content/drive/MyDrive/Tesis: Tecnicas de CV para Reconstruccion Arquitectonica/notebooks/datasets/original/frame_00072.jpg,/content/drive/MyDrive/Tesis: Tecnicas de CV para Reconstruccion Arquitectonica/notebooks/datasets/splatfacto/frame_00079.jpg,/content/drive/MyDrive/Tesis: Tecnicas de CV para Reconstruccion Arquitectonica/notebooks/datasets/nerfacto/frame_00079.jpg,frame_00072.jpg,frame_00079.jpg,frame_00079.jpg,7
73,/content/drive/MyDrive/Tesis: Tecnicas de CV para Reconstruccion Arquitectonica/notebooks/datasets/original/frame_00074.jpg,/content/drive/MyDrive/Tesis: Tecnicas de CV para Reconstruccion Arquitectonica/notebooks/datasets/splatfacto/frame_00082.jpg,/content/drive/MyDrive/Tesis: Tecnicas de CV para Reconstruccion Arquitectonica/notebooks/datasets/nerfacto/frame_00082.jpg,frame_00074.jpg,frame_00082.jpg,frame_00082.jpg,8
80,/content/drive/MyDrive/Tesis: Tecnicas de CV para Reconstruccion Arquitectonica/notebooks/datasets/original/frame_00081.jpg,/content/drive/MyDrive/Tesis: Tecnicas de CV para Reconstruccion Arquitectonica/notebooks/datasets/splatfacto/frame_00089.jpg,/content/drive/MyDrive/Tesis: Tecnicas de CV para Reconstruccion Arquitectonica/notebooks/datasets/nerfacto/frame_00089.jpg,frame_00081.jpg,frame_00089.jpg,frame_00089.jpg,9
81,/content/drive/MyDrive/Tesis: Tecnicas de CV para Reconstruccion Arquitectonica/notebooks/datasets/original/frame_00082.jpg,/content/drive/MyDrive/Tesis: Tecnicas de CV para Reconstruccion Arquitectonica/notebooks/datasets/splatfacto/frame_00090.jpg,/content/drive/MyDrive/Tesis: Tecnicas de CV para Reconstruccion Arquitectonica/notebooks/datasets/nerfacto/frame_00090.jpg,frame_00082.jpg,frame_00090.jpg,frame_00090.jpg,10
89,/content/drive/MyDrive/Tesis: Tecnicas de CV para Reconstruccion Arquitectonica/notebooks/datasets/original/frame_00090.jpg,/content/drive/MyDrive/Tesis: Tecnicas de CV para Reconstruccion Arquitectonica/notebooks/datasets/splatfacto/frame_00099.jpg,/content/drive/MyDrive/Tesis: Tecnicas de CV para Reconstruccion Arquitectonica/notebooks/datasets/nerfacto/frame_00099.jpg,frame_00090.jpg,frame_00099.jpg,frame_00099.jpg,11
94,/content/drive/MyDrive/Tesis: Tecnicas de CV para Reconstruccion Arquitectonica/notebooks/datasets/original/frame_00095.jpg,/content/drive/MyDrive/Tesis: Tecnicas de CV para Reconstruccion Arquitectonica/notebooks/datasets/splatfacto/frame_00105.jpg,/content/drive/MyDrive/Tesis: Tecnicas de CV para Reconstruccion Arquitectonica/notebooks/datasets/nerfacto/frame_00105.jpg,frame_00095.jpg,frame_00105.jpg,frame_00105.jpg,12
95,/content/drive/MyDrive/Tesis: Tecnicas de CV para Reconstruccion Arquitectonica/notebooks/datasets/original/frame_00096.jpg,/content/drive/MyDrive/Tesis: Tecnicas de CV para Reconstruccion Arquitectonica/notebooks/datasets/splatfacto/frame_00106.jpg,/content/drive/MyDrive/Tesis: Tecnicas de CV para Reconstruccion Arquitectonica/notebooks/datasets/nerfacto/frame_00106.jpg,frame_00096.jpg,frame_00106.jpg,frame_00106.jpg,13
99,/content/drive/MyDrive/Tesis: Tecnicas de CV para Reconstruccion Arquitectonica/notebooks/datasets/original/frame_00100.jpg,/content/drive/MyDrive/Tesis: Tecnicas de CV para Reconstruccion Arquitectonica/notebooks/datasets/splatfacto/frame_00110.jpg,/content/drive/MyDrive/Tesis: Tecnicas de CV para Reconstruccion Arquitectonica/notebooks/datasets/nerfacto/frame_00110.jpg,frame_00100.jpg,frame_00110.jpg,frame_00110.jpg,14
103,/content/drive/MyDrive/Tesis: Tecnicas de CV para Reconstruccion Arquitectonica/notebooks/datasets/original/frame_00104.jpg,/content/drive/MyDrive/Tesis: Tecnicas de CV para Reconstruccion Arquitectonica/notebooks/datasets/splatfacto/frame_00115.jpg,/content/drive/MyDrive/Tesis: Tecnicas de CV para Reconstruccion Arquitectonica/notebooks/datasets/nerfacto/frame_00115.jpg,frame_00104.jpg,frame_00115.jpg,frame_00115.jpg,15
104,/content/drive/MyDrive/Tesis: Tecnicas de CV para Reconstruccion Arquitectonica/notebooks/datasets/original/frame_00105.jpg,/content/drive/MyDrive/Tesis: Tecnicas de CV para Reconstruccion Arquitectonica/notebooks/datasets/splatfacto/frame_00116.jpg,/content/drive/MyDrive/Tesis: Tecnicas de CV para Reconstruccion Arquitectonica/notebooks/datasets/nerfacto/frame_00116.jpg,frame_00105.jpg,frame_00116.jpg,frame_00116.jpg,16
114,/content/drive/MyDrive/Tesis: Tecnicas de CV para Reconstruccion Arquitectonica/notebooks/datasets/original/frame_00115.jpg,/content/drive/MyDrive/Tesis: Tecnicas de CV para Reconstruccion Arquitectonica/notebooks/datasets/splatfacto/frame_00127.jpg,/content/drive/MyDrive/Tesis: Tecnicas de CV para Reconstruccion Arquitectonica/notebooks/datasets/nerfacto/frame_00127.jpg,frame_00115.jpg,frame_00127.jpg,frame_00127.jpg,17
127,/content/drive/MyDrive/Tesis: Tecnicas de CV para Reconstruccion Arquitectonica/notebooks/datasets/original/frame_00128.jpg,/content/drive/MyDrive/Tesis: Tecnicas de CV para Reconstruccion Arquitectonica/notebooks/datasets/splatfacto/frame_00141.jpg,/content/drive/MyDrive/Tesis: Tecnicas de CV para Reconstruccion Arquitectonica/notebooks/datasets/nerfacto/frame_00141.jpg,frame_00128.jpg,frame_00141.jpg,frame_00141.jpg,18
142,/content/drive/MyDrive/Tesis: Tecnicas de CV para Reconstruccion Arquitectonica/notebooks/datasets/original/frame_00143.jpg,/content/drive/MyDrive/Tesis: Tecnicas de CV para Reconstruccion Arquitectonica/notebooks/datasets/splatfacto/frame_00158.jpg,/content/drive/MyDrive/Tesis: Tecnicas de CV para Reconstruccion Arquitectonica/notebooks/datasets/nerfacto/frame_00158.jpg,frame_00143.jpg,frame_00158.jpg,frame_00158.jpg,19
159,/content/drive/MyDrive/Tesis: Tecnicas de CV para Reconstruccion Arquitectonica/notebooks/datasets/original/frame_00160.jpg,/content/drive/MyDrive/Tesis: Tecnicas de CV para Reconstruccion Arquitectonica/notebooks/datasets/splatfacto/frame_00177.jpg,/content/drive/MyDrive/Tesis: Tecnicas de CV para Reconstruccion Arquitectonica/notebooks/datasets/nerfacto/frame_00177.jpg,frame_00160.jpg,frame_00177.jpg,frame_00177.jpg,20
163,/content/drive/MyDrive/Tesis: Tecnicas de CV para Reconstruccion Arquitectonica/notebooks/datasets/original/frame_00164.jpg,/content/drive/MyDrive/Tesis: Tecnicas de CV para Reconstruccion Arquitectonica/notebooks/datasets/splatfacto/frame_00181.jpg,/content/drive/MyDrive/Tesis: Tecnicas de CV para Reconstruccion Arquitectonica/notebooks/datasets/nerfacto/frame_00181.jpg,frame_00164.jpg,frame_00181.jpg,frame_00181.jpg,21
166,/content/drive/MyDrive/Tesis: Tecnicas de CV para Reconstruccion Arquitectonica/notebooks/datasets/original/frame_00167.jpg,/content/drive/MyDrive/Tesis: Tecnicas de CV para Reconstruccion Arquitectonica/notebooks/datasets/splatfacto/frame_00185.jpg,/content/drive/MyDrive/Tesis: Tecnicas de CV para Reconstruccion Arquitectonica/notebooks/datasets/nerfacto/frame_00185.jpg,frame_00167.jpg,frame_00185.jpg,frame_00185.jpg,22
167,/content/drive/MyDrive/Tesis: Tecnicas de CV para Reconstruccion Arquitectonica/notebooks/datasets/original/frame_00168.jpg,/content/drive/MyDrive/Tesis: Tecnicas de CV para Reconstruccion Arquitectonica/notebooks/datasets/splatfacto/frame_00186.jpg,/content/drive/MyDrive/Tesis: Tecnicas de CV para Reconstruccion Arquitectonica/notebooks/datasets/nerfacto/frame_00186.jpg,frame_00168.jpg,frame_00186.jpg,frame_00186.jpg,23
175,/content/drive/MyDrive/Tesis: Tecnicas de CV para Reconstruccion Arquitectonica/notebooks/datasets/original/frame_00176.jpg,/content/drive/MyDrive/Tesis: Tecnicas de CV para Reconstruccion Arquitectonica/notebooks/datasets/splatfacto/frame_00195.jpg,/content/drive/MyDrive/Tesis: Tecnicas de CV para Reconstruccion Arquitectonica/notebooks/datasets/nerfacto/frame_00195.jpg,frame_00176.jpg,frame_00195.jpg,frame_00195.jpg,24
196,/content/drive/MyDrive/Tesis: Tecnicas de CV para Reconstruccion Arquitectonica/notebooks/datasets/original/frame_00197.jpg,/content/drive/MyDrive/Tesis: Tecnicas de CV para Reconstruccion Arquitectonica/notebooks/datasets/splatfacto/frame_00218.jpg,/content/drive/MyDrive/Tesis: Tecnicas de CV para Reconstruccion Arquitectonica/notebooks/datasets/nerfacto/frame_00218.jpg,frame_00197.jpg,frame_00218.jpg,frame_00218.jpg,25
203,/content/drive/MyDrive/Tesis: Tecnicas de CV para Reconstruccion Arquitectonica/notebooks/datasets/original/frame_00204.jpg,/content/drive/MyDrive/Tesis: Tecnicas de CV para Reconstruccion Arquitectonica/notebooks/datasets/splatfacto/frame_00226.jpg,/content/drive/MyDrive/Tesis: Tecnicas de CV para Reconstruccion Arquitectonica/notebooks/datasets/nerfacto/frame_00226.jpg,frame_00204.jpg,frame_00226.jpg,frame_00226.jpg,26
214,/content/drive/MyDrive/Tesis: Tecnicas de CV para Reconstruccion Arquitectonica/notebooks/datasets/original/frame_00215.jpg,/content/drive/MyDrive/Tesis: Tecnicas de CV para Reconstruccion Arquitectonica/notebooks/datasets/splatfacto/frame_00238.jpg,/content/drive/MyDrive/Tesis: Tecnicas de CV para Reconstruccion Arquitectonica/notebooks/datasets/nerfacto/frame_00238.jpg,frame_00215.jpg,frame_00238.jpg,frame_00238.jpg,27
220,/content/drive/MyDrive/Tesis: Tecnicas de CV para Reconstruccion Arquitectonica/notebooks/datasets/original/frame_00221.jpg,/content/drive/MyDrive/Tesis: Tecnicas de CV para Reconstruccion Arquitectonica/notebooks/datasets/splatfacto/frame_00245.jpg,/content/drive/MyDrive/Tesis: Tecnicas de CV para Reconstruccion Arquitectonica/notebooks/datasets/nerfacto/frame_00245.jpg,frame_00221.jpg,frame_00245.jpg,frame_00245.jpg,28
223,/content/drive/MyDrive/Tesis: Tecnicas de CV para Reconstruccion Arquitectonica/notebooks/datasets/original/frame_00224.jpg,/content/drive/MyDrive/Tesis: Tecnicas de CV para Reconstruccion Arquitectonica/notebooks/datasets/splatfacto/frame_00248.jpg,/content/drive/MyDrive/Tesis: Tecnicas de CV para Reconstruccion Arquitectonica/notebooks/datasets/nerfacto/frame_00248.jpg,frame_00224.jpg,frame_00248.jpg,frame_00248.jpg,29
225,/content/drive/MyDrive/Tesis: Tecnicas de CV para Reconstruccion Arquitectonica/notebooks/datasets/original/frame_00226.jpg,/content/drive/MyDrive/Tesis: Tecnicas de CV para Reconstruccion Arquitectonica/notebooks/datasets/splatfacto/frame_00250.jpg,/content/drive/MyDrive/Tesis: Tecnicas de CV para Reconstruccion Arquitectonica/notebooks/datasets/nerfacto/frame_00250.jpg,frame_00226.jpg,frame_00250.jpg,frame_00250.jpg,30
228,/content/drive/MyDrive/Tesis: Tecnicas de CV para Reconstruccion Arquitectonica/notebooks/datasets/original/frame_00229.jpg,/content/drive/MyDrive/Tesis: Tecnicas de CV para Reconstruccion Arquitectonica/notebooks/datasets/splatfacto/frame_00254.jpg,/content/drive/MyDrive/Tesis: Tecnicas de CV para Reconstruccion Arquitectonica/notebooks/datasets/nerfacto/frame_00254.jpg,frame_00229.jpg,frame_00254.jpg,frame_00254.jpg,31
233,/content/drive/MyDrive/Tesis: Tecnicas de CV para Reconstruccion Arquitectonica/notebooks/datasets/original/frame_00234.jpg,/content/drive/MyDrive/Tesis: Tecnicas de CV para Reconstruccion Arquitectonica/notebooks/datasets/splatfacto/frame_00259.jpg,/content/drive/MyDrive/Tesis: Tecnicas de CV para Reconstruccion Arquitectonica/notebooks/datasets/nerfacto/frame_00259.jpg,frame_00234.jpg,frame_00259.jpg,frame_00259.jpg,32
238,/content/drive/MyDrive/Tesis: Tecnicas de CV para Reconstruccion Arquitectonica/notebooks/datasets/original/frame_00239.jpg,/content/drive/MyDrive/Tesis: Tecnicas de CV para Reconstruccion Arquitectonica/notebooks/datasets/splatfacto/frame_00265.jpg,/content/drive/MyDrive/Tesis: Tecnicas de CV para Reconstruccion Arquitectonica/notebooks/datasets/nerfacto/frame_00265.jpg,frame_00239.jpg,frame_00265.jpg,frame_00265.jpg,33
250,/content/drive/MyDrive/Tesis: Tecnicas de CV para Reconstruccion Arquitectonica/notebooks/datasets/original/frame_00251.jpg,/content/drive/MyDrive/Tesis: Tecnicas de CV para Reconstruccion Arquitectonica/notebooks/datasets/splatfacto/frame_00278.jpg,/content/drive/MyDrive/Tesis: Tecnicas de CV para Reconstruccion Arquitectonica/notebooks/datasets/nerfacto/frame_00278.jpg,frame_00251.jpg,frame_00278.jpg,frame_00278.jpg,34
270,/content/drive/MyDrive/Tesis: Tecnicas de CV para Reconstruccion Arquitectonica/notebooks/datasets/original/frame_00271.jpg,/content/drive/MyDrive/Tesis: Tecnicas de CV para Reconstruccion Arquitectonica/notebooks/datasets/splatfacto/frame_00300.jpg,/content/drive/MyDrive/Tesis: Tecnicas de CV para Reconstruccion Arquitectonica/notebooks/datasets/nerfacto/frame_00300.jpg,frame_00271.jpg,frame_00300.jpg,frame_00300.jpg,35
273,/content/drive/MyDrive/Tesis: Tecnicas de CV para Reconstruccion Arquitectonica/notebooks/datasets/original/frame_00274.jpg,/content/drive/MyDrive/Tesis: Tecnicas de CV para Reconstruccion Arquitectonica/notebooks/datasets/splatfacto/frame_00304.jpg,/content/drive/MyDrive/Tesis: Tecnicas de CV para Reconstruccion Arquitectonica/notebooks/datasets/nerfacto/frame_00304.jpg,frame_00274.jpg,frame_00304.jpg,frame_00304.jpg,36
281,/content/drive/MyDrive/Tesis: Tecnicas de CV para Reconstruccion Arquitectonica/notebooks/datasets/original/frame_00282.jpg,/content/drive/MyDrive/Tesis: Tecnicas de CV para Reconstruccion Arquitectonica/notebooks/datasets/splatfacto/frame_00312.jpg,/content/drive/MyDrive/Tesis: Tecnicas de CV para Reconstruccion Arquitectonica/notebooks/datasets/nerfacto/frame_00312.jpg,frame_00282.jpg,frame_00312.jpg,frame_00312.jpg,37
284,/content/drive/MyDrive/Tesis: Tecnicas de CV para Reconstruccion Arquitectonica/notebooks/datasets/original/frame_00285.jpg,/content/drive/MyDrive/Tesis: Tecnicas de CV para Reconstruccion Arquitectonica/notebooks/datasets/splatfacto/frame_00316.jpg,/content/drive/MyDrive/Tesis: Tecnicas de CV para Reconstruccion Arquitectonica/notebooks/datasets/nerfacto/frame_00316.jpg,frame_00285.jpg,frame_00316.jpg,frame_00316.jpg,38
296,/content/drive/MyDrive/Tesis: Tecnicas de CV para Reconstruccion Arquitectonica/notebooks/datasets/original/frame_00297.jpg,/content/drive/MyDrive/Tesis: Tecnicas de CV para Reconstruccion Arquitectonica/notebooks/datasets/splatfacto/frame_00329.jpg,/content/drive/MyDrive/Tesis: Tecnicas de CV para Reconstruccion Arquitectonica/notebooks/datasets/nerfacto/frame_00329.jpg,frame_00297.jpg,frame_00329.jpg,frame_00329.jpg,39
300,/content/drive/MyDrive/Tesis: Tecnicas de CV para Reconstruccion Arquitectonica/notebooks/datasets/original/frame_00301.jpg,/content/drive/MyDrive/Tesis: Tecnicas de CV para Reconstruccion Arquitectonica/notebooks/datasets/splatfacto/frame_00334.jpg,/content/drive/MyDrive/Tesis: Tecnicas de CV para Reconstruccion Arquitectonica/notebooks/datasets/nerfacto/frame_00334.jpg,frame_00301.jpg,frame_00334.jpg,frame_00334.jpg,40
344,/content/drive/MyDrive/Tesis: Tecnicas de CV para Reconstruccion Arquitectonica/notebooks/datasets/original/frame_00345.jpg,/content/drive/MyDrive/Tesis: Tecnicas de CV para Reconstruccion Arquitectonica/notebooks/datasets/splatfacto/frame_00382.jpg,/content/drive/MyDrive/Tesis: Tecnicas de CV para Reconstruccion Arquitectonica/notebooks/datasets/nerfacto/frame_00382.jpg,frame_00345.jpg,frame_00382.jpg,frame_00382.jpg,41
348,/content/drive/MyDrive/Tesis: Tecnicas de CV para Reconstruccion Arquitectonica/notebooks/datasets/original/frame_00349.jpg,/content/drive/MyDrive/Tesis: Tecnicas de CV para Reconstruccion Arquitectonica/notebooks/datasets/splatfacto/frame_00387.jpg,/content/drive/MyDrive/Tesis: Tecnicas de CV para Reconstruccion Arquitectonica/notebooks/datasets/nerfacto/frame_00387.jpg,frame_00349.jpg,frame_00387.jpg,frame_00387.jpg,42
352,/content/drive/MyDrive/Tesis: Tecnicas de CV para Reconstruccion Arquitectonica/notebooks/datasets/original/frame_00353.jpg,/content/drive/MyDrive/Tesis: Tecnicas de CV para Reconstruccion Arquitectonica/notebooks/datasets/splatfacto/frame_00391.jpg,/content/drive/MyDrive/Tesis: Tecnicas de CV para Reconstruccion Arquitectonica/notebooks/datasets/nerfacto/frame_00391.jpg,frame_00353.jpg,frame_00391.jpg,frame_00391.jpg,43
363,/content/drive/MyDrive/Tesis: Tecnicas de CV para Reconstruccion Arquitectonica/notebooks/datasets/original/frame_00364.jpg,/content/drive/MyDrive/Tesis: Tecnicas de CV para Reconstruccion Arquitectonica/notebooks/datasets/splatfacto/frame_00403.jpg,/content/drive/MyDrive/Tesis: Tecnicas de CV para Reconstruccion Arquitectonica/notebooks/datasets/nerfacto/frame_00403.jpg,frame_00364.jpg,frame_00403.jpg,frame_00403.jpg,44
367,/content/drive/MyDrive/Tesis: Tecnicas de CV para Reconstruccion Arquitectonica/notebooks/datasets/original/frame_00368.jpg,/content/drive/MyDrive/Tesis: Tecnicas de CV para Reconstruccion Arquitectonica/notebooks/datasets/splatfacto/frame_00408.jpg,/content/drive/MyDrive/Tesis: Tecnicas de CV para Reconstruccion Arquitectonica/notebooks/datasets/nerfacto/frame_00408.jpg,frame_00368.jpg,frame_00408.jpg,frame_00408.jpg,45
370,/content/drive/MyDrive/Tesis: Tecnicas de CV para Reconstruccion Arquitectonica/notebooks/datasets/original/frame_00371.jpg,/content/drive/MyDrive/Tesis: Tecnicas de CV para Reconstruccion Arquitectonica/notebooks/datasets/splatfacto/frame_00411.jpg,/content/drive/MyDrive/Tesis: Tecnicas de CV para Reconstruccion Arquitectonica/notebooks/datasets/nerfacto/frame_00411.jpg,frame_00371.jpg,frame_00411.jpg,frame_00411.jpg,46
373,/content/drive/MyDrive/Tesis: Tecnicas de CV para Reconstruccion Arquitectonica/notebooks/datasets/original/frame_00374.jpg,/content/drive/MyDrive/Tesis: Tecnicas de CV para Reconstruccion Arquitectonica/notebooks/datasets/splatfacto/frame_00415.jpg,/content/drive/MyDrive/Tesis: Tecnicas de CV para Reconstruccion Arquitectonica/notebooks/datasets/nerfacto/frame_00415.jpg,frame_00374.jpg,frame_00415.jpg,frame_00415.jpg,47
379,/content/drive/MyDrive/Tesis: Tecnicas de CV para Reconstruccion Arquitectonica/notebooks/datasets/original/frame_00380.jpg,/content/drive/MyDrive/Tesis: Tecnicas de CV para Reconstruccion Arquitectonica/notebooks/datasets/splatfacto/frame_00421.jpg,/content/drive/MyDrive/Tesis: Tecnicas de CV para Reconstruccion Arquitectonica/notebooks/datasets/nerfacto/frame_00421.jpg,frame_00380.jpg,frame_00421.jpg,frame_00421.jpg,48
387,/content/drive/MyDrive/Tesis: Tecnicas de CV para Reconstruccion Arquitectonica/notebooks/datasets/original/frame_00388.jpg,/content/drive/MyDrive/Tesis: Tecnicas de CV para Reconstruccion Arquitectonica/notebooks/datasets/splatfacto/frame_00430.jpg,/content/drive/MyDrive/Tesis: Tecnicas de CV para Reconstruccion Arquitectonica/notebooks/datasets/nerfacto/frame_00430.jpg,frame_00388.jpg,frame_00430.jpg,frame_00430.jpg,49
389,/content/drive/MyDrive/Tesis: Tecnicas de CV para Reconstruccion Arquitectonica/notebooks/datasets/original/frame_00390.jpg,/content/drive/MyDrive/Tesis: Tecnicas de CV para Reconstruccion Arquitectonica/notebooks/datasets/splatfacto/frame_00432.jpg,/content/drive/MyDrive/Tesis: Tecnicas de CV para Reconstruccion Arquitectonica/notebooks/datasets/nerfacto/frame_00432.jpg,frame_00390.jpg,frame_00432.jpg,frame_00432.jpg,50
429,/content/drive/MyDrive/Tesis: Tecnicas de CV para Reconstruccion Arquitectonica/notebooks/datasets/original/frame_00430.jpg,/content/drive/MyDrive/Tesis: Tecnicas de CV para Reconstruccion Arquitectonica/notebooks/datasets/splatfacto/frame_00477.jpg,/content/drive/MyDrive/Tesis: Tecnicas de CV para Reconstruccion Arquitectonica/notebooks/datasets/nerfacto/frame_00477.jpg,frame_00430.jpg,frame_00477.jpg,frame_00477.jpg,51
432,/content/drive/MyDrive/Tesis: Tecnicas de CV para Reconstruccion Arquitectonica/notebooks/datasets/original/frame_00433.jpg,/content/drive/MyDrive/Tesis: Tecnicas de CV para Reconstruccion Arquitectonica/notebooks/datasets/splatfacto/frame_00480.jpg,/content/drive/MyDrive/Tesis: Tecnicas de CV para Reconstruccion Arquitectonica/notebooks/datasets/nerfacto/frame_00480.jpg,frame_00433.jpg,frame_00480.jpg,frame_00480.jpg,52
459,/content/drive/MyDrive/Tesis: Tecnicas de CV para Reconstruccion Arquitectonica/notebooks/datasets/original/frame_00460.jpg,/content/drive/MyDrive/Tesis: Tecnicas de CV para Reconstruccion Arquitectonica/notebooks/datasets/splatfacto/frame_00510.jpg,/content/drive/MyDrive/Tesis: Tecnicas de CV para Reconstruccion Arquitectonica/notebooks/datasets/nerfacto/frame_00510.jpg,frame_00460.jpg,frame_00510.jpg,frame_00510.jpg,53
464,/content/drive/MyDrive/Tesis: Tecnicas de CV para Reconstruccion Arquitectonica/notebooks/datasets/original/frame_00465.jpg,/content/drive/MyDrive/Tesis: Tecnicas de CV para Reconstruccion Arquitectonica/notebooks/datasets/splatfacto/frame_00516.jpg,/content/drive/MyDrive/Tesis: Tecnicas de CV para Reconstruccion Arquitectonica/notebooks/datasets/nerfacto/frame_00516.jpg,frame_00465.jpg,frame_00516.jpg,frame_00516.jpg,54
470,/content/drive/MyDrive/Tesis: Tecnicas de CV para Reconstruccion Arquitectonica/notebooks/datasets/original/frame_00471.jpg,/content/drive/MyDrive/Tesis: Tecnicas de CV para Reconstruccion Arquitectonica/notebooks/datasets/splatfacto/frame_00522.jpg,/content/drive/MyDrive/Tesis: Tecnicas de CV para Reconstruccion Arquitectonica/notebooks/datasets/nerfacto/frame_00522.jpg,frame_00471.jpg,frame_00522.jpg,frame_00522.jpg,55
473,/content/drive/MyDrive/Tesis: Tecnicas de CV para Reconstruccion Arquitectonica/notebooks/datasets/original/frame_00474.jpg,/content/drive/MyDrive/Tesis: Tecnicas de CV para Reconstruccion Arquitectonica/notebooks/datasets/splatfacto/frame_00526.jpg,/content/drive/MyDrive/Tesis: Tecnicas de CV para Reconstruccion Arquitectonica/notebooks/datasets/nerfacto/frame_00526.jpg,frame_00474.jpg,frame_00526.jpg,frame_00526.jpg,56
517,/content/drive/MyDrive/Tesis: Tecnicas de CV para Reconstruccion Arquitectonica/notebooks/datasets/original/frame_00518.jpg,/content/drive/MyDrive/Tesis: Tecnicas de CV para Reconstruccion Arquitectonica/notebooks/datasets/splatfacto/frame_00574.jpg,/content/drive/MyDrive/Tesis: Tecnicas de CV para Reconstruccion Arquitectonica/notebooks/datasets/nerfacto/frame_00574.jpg,frame_00518.jpg,frame_00574.jpg,frame_00574.jpg,57
546,/content/drive/MyDrive/Tesis: Tecnicas de CV para Reconstruccion Arquitectonica/notebooks/datasets/original/frame_00547.jpg,/content/drive/MyDrive/Tesis: Tecnicas de CV para Reconstruccion Arquitectonica/notebooks/datasets/splatfacto/frame_00607.jpg,/content/drive/MyDrive/Tesis: Tecnicas de CV para Reconstruccion Arquitectonica/notebooks/datasets/nerfacto/frame_00607.jpg,frame_00547.jpg,frame_00607.jpg,frame_00607.jpg,58
549,/content/drive/MyDrive/Tesis: Tecnicas de CV para Reconstruccion Arquitectonica/notebooks/datasets/original/frame_00550.jpg,/content/drive/MyDrive/Tesis: Tecnicas de CV para Reconstruccion Arquitectonica/notebooks/datasets/splatfacto/frame_00610.jpg,/content/drive/MyDrive/Tesis: Tecnicas de CV para Reconstruccion Arquitectonica/notebooks/datasets/nerfacto/frame_00610.jpg,frame_00550.jpg,frame_00610.jpg,frame_00610.jpg,59
558,/content/drive/MyDrive/Tesis: Tecnicas de CV para Reconstruccion Arquitectonica/notebooks/datasets/original/frame_00559.jpg,/content/drive/MyDrive/Tesis: Tecnicas de CV para Reconstruccion Arquitectonica/notebooks/datasets/splatfacto/frame_00620.jpg,/content/drive/MyDrive/Tesis: Tecnicas de CV para Reconstruccion Arquitectonica/notebooks/datasets/nerfacto/frame_00620.jpg,frame_00559.jpg,frame_00620.jpg,frame_00620.jpg,60
565,/content/drive/MyDrive/Tesis: Tecnicas de CV para Reconstruccion Arquitectonica/notebooks/datasets/original/frame_00566.jpg,/content/drive/MyDrive/Tesis: Tecnicas de CV para Reconstruccion Arquitectonica/notebooks/datasets/splatfacto/frame_00628.jpg,/content/drive/MyDrive/Tesis: Tecnicas de CV para Reconstruccion Arquitectonica/notebooks/datasets/nerfacto/frame_00628.jpg,frame_00566.jpg,frame_00628.jpg,frame_00628.jpg,61
574,/content/drive/MyDrive/Tesis: Tecnicas de CV para Reconstruccion Arquitectonica/notebooks/datasets/original/frame_00575.jpg,/content/drive/MyDrive/Tesis: Tecnicas de CV para Reconstruccion Arquitectonica/notebooks/datasets/splatfacto/frame_00638.jpg,/content/drive/MyDrive/Tesis: Tecnicas de CV para Reconstruccion Arquitectonica/notebooks/datasets/nerfacto/frame_00638.jpg,frame_00575.jpg,frame_00638.jpg,frame_00638.jpg,62
591,/content/drive/MyDrive/Tesis: Tecnicas de CV para Reconstruccion Arquitectonica/notebooks/datasets/original/frame_00592.jpg,/content/drive/MyDrive/Tesis: Tecnicas de CV para Reconstruccion Arquitectonica/notebooks/datasets/splatfacto/frame_00657.jpg,/content/drive/MyDrive/Tesis: Tecnicas de CV para Reconstruccion Arquitectonica/notebooks/datasets/nerfacto/frame_00657.jpg,frame_00592.jpg,frame_00657.jpg,frame_00657.jpg,63
603,/content/drive/MyDrive/Tesis: Tecnicas de CV para Reconstruccion Arquitectonica/notebooks/datasets/original/frame_00604.jpg,/content/drive/MyDrive/Tesis: Tecnicas de CV para Reconstruccion Arquitectonica/notebooks/datasets/splatfacto/frame_00670.jpg,/content/drive/MyDrive/Tesis: Tecnicas de CV para Reconstruccion Arquitectonica/notebooks/datasets/nerfacto/frame_00670.jpg,frame_00604.jpg,frame_00670.jpg,frame_00670.jpg,64
604,/content/drive/MyDrive/Tesis: Tecnicas de CV para Reconstruccion Arquitectonica/notebooks/datasets/original/frame_00605.jpg,/content/drive/MyDrive/Tesis: Tecnicas de CV para Reconstruccion Arquitectonica/notebooks/datasets/splatfacto/frame_00671.jpg,/content/drive/MyDrive/Tesis: Tecnicas de CV para Reconstruccion Arquitectonica/notebooks/datasets/nerfacto/frame_00671.jpg,frame_00605.jpg,frame_00671.jpg,frame_00671.jpg,65
616,/content/drive/MyDrive/Tesis: Tecnicas de CV para Reconstruccion Arquitectonica/notebooks/datasets/original/frame_00617.jpg,/content/drive/MyDrive/Tesis: Tecnicas de CV para Reconstruccion Arquitectonica/notebooks/datasets/splatfacto/frame_00684.jpg,/content/drive/MyDrive/Tesis: Tecnicas de CV para Reconstruccion Arquitectonica/notebooks/datasets/nerfacto/frame_00684.jpg,frame_00617.jpg,frame_00684.jpg,frame_00684.jpg,66
618,/content/drive/MyDrive/Tesis: Tecnicas de CV para Reconstruccion Arquitectonica/notebooks/datasets/original/frame_00619.jpg,/content/drive/MyDrive/Tesis: Tecnicas de CV para Reconstruccion Arquitectonica/notebooks/datasets/splatfacto/frame_00687.jpg,/content/drive/MyDrive/Tesis: Tecnicas de CV para Reconstruccion Arquitectonica/notebooks/datasets/nerfacto/frame_00687.jpg,frame_00619.jpg,frame_00687.jpg,frame_00687.jpg,67
623,/content/drive/MyDrive/Tesis: Tecnicas de CV para Reconstruccion Arquitectonica/notebooks/datasets/original/frame_00624.jpg,/content/drive/MyDrive/Tesis: Tecnicas de CV para Reconstruccion Arquitectonica/notebooks/datasets/splatfacto/frame_00692.jpg,/content/drive/MyDrive/Tesis: Tecnicas de CV para Reconstruccion Arquitectonica/notebooks/datasets/nerfacto/frame_00692.jpg,frame_00624.jpg,frame_00692.jpg,frame_00692.jpg,68
633,/content/drive/MyDrive/Tesis: Tecnicas de CV para Reconstruccion Arquitectonica/notebooks/datasets/original/frame_00634.jpg,/content/drive/MyDrive/Tesis: Tecnicas de CV para Reconstruccion Arquitectonica/notebooks/datasets/splatfacto/frame_00703.jpg,/content/drive/MyDrive/Tesis: Tecnicas de CV para Reconstruccion Arquitectonica/notebooks/datasets/nerfacto/frame_00703.jpg,frame_00634.jpg,frame_00703.jpg,frame_00703.jpg,69
