"FullName","SizeMB","LastWriteTime","RelevanceScore","Signals","HybridDatasetConfirmed"
"C:\nerfstudio_work\thesis\03-panteon-asociacion-catalana\01-logs\project\00_project_info.log","0.005","8/25/2026 11:00:27 AM","22","CONTENT_HYBRID_DATASET;CONTENT_INSTA360","True"
"C:\nerfstudio_work\panteon-chacarita\panteon-asociacion-catalana\logs\project\00_project_info.log","0.005","8/13/2026 9:39:46 AM","22","CONTENT_HYBRID_DATASET;CONTENT_INSTA360","True"
"C:\nerfstudio_work\thesis\03-panteon-asociacion-catalana\01-logs\clean\00_dataset_info.log","0.001","8/25/2026 11:00:27 AM","20","CONTENT_HYBRID_DATASET","True"
"C:\nerfstudio_work\panteon-chacarita\panteon-asociacion-catalana\logs\clean\00_dataset_info.log","0.001","8/13/2026 9:39:58 AM","20","CONTENT_HYBRID_DATASET","True"
"C:\nerfstudio_work\thesis\03-panteon-asociacion-catalana\01-logs\dji-only\splatfacto-full\train-splatfacto-full-ds8.log","4.467","8/25/2026 11:00:27 AM","11","PATH_DJI;CONTENT_DJI;CONTENT_INSTA360;CONTENT_DJI+INSTA360","False"
"C:\nerfstudio_work\thesis\03-panteon-asociacion-catalana\01-logs\dji\07_train_splatfacto.log","4.324","8/25/2026 11:00:27 AM","11","PATH_DJI;CONTENT_DJI;CONTENT_INSTA360;CONTENT_DJI+INSTA360","False"
"C:\nerfstudio_work\panteon-chacarita\panteon-asociacion-catalana\logs\dji-only\splatfacto-full\train-splatfacto-full-ds8.log","4.467","8/24/2026 8:07:09 AM","11","PATH_DJI;CONTENT_DJI;CONTENT_INSTA360;CONTENT_DJI+INSTA360","False"
"C:\nerfstudio_work\panteon-chacarita\panteon-asociacion-catalana\logs\dji\07_train_splatfacto.log","4.324","8/13/2026 6:26:48 PM","11","PATH_DJI;CONTENT_DJI;CONTENT_INSTA360;CONTENT_DJI+INSTA360","False"
"C:\nerfstudio_work\thesis\03-panteon-asociacion-catalana\01-logs\experiment-trace\07_metrics\existing-log-files.txt","0.003","8/25/2026 11:00:27 AM","9","CONTENT_DJI;CONTENT_INSTA360;CONTENT_DJI+INSTA360","False"
"C:\nerfstudio_work\thesis\03-panteon-asociacion-catalana\01-logs\experiment-trace\04_splatfacto\train-splatfacto-full-ds8.log","4.467","8/25/2026 11:00:27 AM","9","CONTENT_DJI;CONTENT_INSTA360;CONTENT_DJI+INSTA360","False"
"C:\nerfstudio_work\panteon-chacarita\panteon-asociacion-catalana\logs\experiment-trace\04_splatfacto\train-splatfacto-full-ds8.log","4.467","8/25/2026 8:20:22 AM","9","CONTENT_DJI;CONTENT_INSTA360;CONTENT_DJI+INSTA360","False"
"C:\nerfstudio_work\panteon-chacarita\panteon-asociacion-catalana\logs\experiment-trace\07_metrics\existing-log-files.txt","0.003","8/25/2026 8:19:13 AM","9","CONTENT_DJI;CONTENT_INSTA360;CONTENT_DJI+INSTA360","False"
"C:\nerfstudio_work\thesis\02-templete-central\02-resultados-finales\dji\splatfacto\render\render-benchmark-metrics.log","0.001","8/25/2026 4:25:11 PM","4","PATH_DJI;CONTENT_DJI","False"
"C:\nerfstudio_work\thesis\02-templete-central\02-resultados-finales\dji\nerfacto\render\render-benchmark-metrics.log","0.001","8/25/2026 4:24:36 PM","4","PATH_DJI;CONTENT_DJI","False"
"C:\nerfstudio_work\thesis\03-panteon-asociacion-catalana\02-resultados-finales\insta360\splatfacto\export\gaussian-splat-metrics.log","0.002","8/25/2026 4:17:03 PM","4","PATH_INSTA360;CONTENT_INSTA360","False"
"C:\nerfstudio_work\thesis\03-panteon-asociacion-catalana\02-resultados-finales\dji\splatfacto\export\gaussian-splat-metrics.log","0.002","8/25/2026 4:17:03 PM","4","PATH_DJI;CONTENT_DJI","False"
"C:\nerfstudio_work\thesis\02-templete-central\02-resultados-finales\insta360\splatfacto\export\gaussian-splat-metrics.log","0.002","8/25/2026 4:17:03 PM","4","PATH_INSTA360;CONTENT_INSTA360","False"
"C:\nerfstudio_work\thesis\02-templete-central\02-resultados-finales\dji\splatfacto\export\gaussian-splat-metrics.log","0.002","8/25/2026 4:17:03 PM","4","PATH_DJI;CONTENT_DJI","False"
"C:\nerfstudio_work\thesis\03-panteon-asociacion-catalana\03-datasets\insta360\dataset-insta360\camera-trajectory-metrics.log","0.001","8/25/2026 4:16:02 PM","4","PATH_INSTA360;CONTENT_INSTA360","False"
"C:\nerfstudio_work\thesis\03-panteon-asociacion-catalana\03-datasets\dji\dataset-splatfacto-1507-full\camera-trajectory-metrics.log","0.001","8/25/2026 4:16:02 PM","4","PATH_DJI;CONTENT_DJI","False"
"C:\nerfstudio_work\thesis\03-panteon-asociacion-catalana\03-datasets\dji\dataset-nerfacto-302-subset\camera-trajectory-metrics.log","0.001","8/25/2026 4:16:02 PM","4","PATH_DJI;CONTENT_DJI","False"
"C:\nerfstudio_work\thesis\02-templete-central\03-datasets\insta360\dataset-insta360\camera-trajectory-metrics.log","0.001","8/25/2026 4:16:02 PM","4","PATH_INSTA360;CONTENT_INSTA360","False"
"C:\nerfstudio_work\thesis\02-templete-central\03-datasets\dji\dataset-splatfacto-1232-full\camera-trajectory-metrics.log","0.001","8/25/2026 4:16:02 PM","4","PATH_DJI;CONTENT_DJI","False"
"C:\nerfstudio_work\thesis\02-templete-central\03-datasets\dji\dataset-nerfacto-308-subset\camera-trajectory-metrics.log","0.001","8/25/2026 4:16:01 PM","4","PATH_DJI;CONTENT_DJI","False"
"C:\nerfstudio_work\thesis\03-panteon-asociacion-catalana\02-resultados-finales\dji\colmap-fotogrametria\textured-mesh-metrics.log","0.001","8/25/2026 12:14:01 PM","4","PATH_DJI;CONTENT_DJI","False"
"C:\nerfstudio_work\thesis\02-templete-central\02-resultados-finales\dji\colmap-fotogrametria\textured-mesh-metrics.log","0.001","8/25/2026 12:12:08 PM","4","PATH_DJI;CONTENT_DJI","False"
"C:\nerfstudio_work\thesis\03-panteon-asociacion-catalana\02-resultados-finales\dji\colmap-fotogrametria\dense-cloud-metrics.log","0.002","8/25/2026 12:01:43 PM","4","PATH_DJI;CONTENT_DJI","False"
"C:\nerfstudio_work\thesis\02-templete-central\02-resultados-finales\dji\colmap-fotogrametria\dense-cloud-metrics.log","0.001","8/25/2026 11:59:16 AM","4","PATH_DJI;CONTENT_DJI","False"
"C:\nerfstudio_work\thesis\03-panteon-asociacion-catalana\01-logs\dji-only\04_nerfstudio_nerf_train_debug.log","0.01","8/25/2026 11:00:27 AM","4","PATH_DJI;CONTENT_DJI","False"
"C:\nerfstudio_work\thesis\03-panteon-asociacion-catalana\01-logs\dji-only\04_nerfstudio_nerf_train_sequential.log","0.01","8/25/2026 11:00:27 AM","4","PATH_DJI;CONTENT_DJI","False"
"C:\nerfstudio_work\thesis\03-panteon-asociacion-catalana\01-logs\dji-only\04_nerfstudio_nerf_train_retry2.log","0.01","8/25/2026 11:00:27 AM","4","PATH_DJI;CONTENT_DJI","False"
"C:\nerfstudio_work\thesis\03-panteon-asociacion-catalana\01-logs\dji-only\nerf300\render-downscale2.log","0","8/25/2026 11:00:27 AM","4","PATH_DJI;CONTENT_DJI","False"
"C:\nerfstudio_work\thesis\03-panteon-asociacion-catalana\01-logs\dji-only\nerf300\render-dataset-train.log","0.006","8/25/2026 11:00:27 AM","4","PATH_DJI;CONTENT_DJI","False"
"C:\nerfstudio_work\thesis\03-panteon-asociacion-catalana\01-logs\dji-only\nerf300\training-summary.txt","0.002","8/25/2026 11:00:27 AM","4","PATH_DJI;CONTENT_DJI","False"
"C:\nerfstudio_work\thesis\03-panteon-asociacion-catalana\01-logs\dji-only\nerf300\render-safe.log","0.006","8/25/2026 11:00:27 AM","4","PATH_DJI;CONTENT_DJI","False"
"C:\nerfstudio_work\thesis\03-panteon-asociacion-catalana\01-logs\dji-only\nerf300\render-downscale2-repeat1.log","0","8/25/2026 11:00:27 AM","4","PATH_DJI;CONTENT_DJI","False"
"C:\nerfstudio_work\thesis\03-panteon-asociacion-catalana\01-logs\dji-only\nerf300\render-dataset-train-limited.log","0.006","8/25/2026 11:00:27 AM","4","PATH_DJI;CONTENT_DJI","False"
"C:\nerfstudio_work\thesis\03-panteon-asociacion-catalana\01-logs\dji-only\04_nerfstudio_nerf_trainflow_debug.log","0.011","8/25/2026 11:00:27 AM","4","PATH_DJI;CONTENT_DJI","False"
"C:\nerfstudio_work\thesis\03-panteon-asociacion-catalana\01-logs\dji-only\powershell_session.txt","0.001","8/25/2026 11:00:27 AM","4","PATH_DJI;CONTENT_DJI","False"
"C:\nerfstudio_work\thesis\03-panteon-asociacion-catalana\01-logs\dji-only\04_nerfstudio_nerf_setup_debug.log","0.01","8/25/2026 11:00:27 AM","4","PATH_DJI;CONTENT_DJI","False"
"C:\nerfstudio_work\thesis\03-panteon-asociacion-catalana\01-logs\dji-only\04_nerfstudio_nerf_train_no_viewer.log","0.01","8/25/2026 11:00:27 AM","4","PATH_DJI;CONTENT_DJI","False"
"C:\nerfstudio_work\thesis\03-panteon-asociacion-catalana\01-logs\dji-only\03_nerfstudio_colmap_results_2026-08-23.txt","0.007","8/25/2026 11:00:27 AM","4","PATH_DJI;CONTENT_DJI","False"
"C:\nerfstudio_work\thesis\03-panteon-asociacion-catalana\01-logs\dji-only\04_nerfstudio_nerf_train_retry3.log","0.01","8/25/2026 11:00:27 AM","4","PATH_DJI;CONTENT_DJI","False"
"C:\nerfstudio_work\thesis\03-panteon-asociacion-catalana\01-logs\dji-only\04_nerfstudio_nerf_train_workers0.log","0.01","8/25/2026 11:00:27 AM","4","PATH_DJI;CONTENT_DJI","False"
"C:\nerfstudio_work\thesis\03-panteon-asociacion-catalana\01-logs\dji-only\04_nerfstudio_nerf_train_localfs.log","0.01","8/25/2026 11:00:27 AM","4","PATH_DJI;CONTENT_DJI","False"
"C:\nerfstudio_work\thesis\03-panteon-asociacion-catalana\01-logs\dji-only\01_realityscan_sfm_2026-08-22_16-46-20.txt","0.003","8/25/2026 11:00:27 AM","4","PATH_DJI;CONTENT_DJI","False"
"C:\nerfstudio_work\thesis\03-panteon-asociacion-catalana\01-logs\dji-only\04_nerfstudio_nerf_train_retry.log","0.01","8/25/2026 11:00:27 AM","4","PATH_DJI;CONTENT_DJI","False"
"C:\nerfstudio_work\thesis\03-panteon-asociacion-catalana\01-logs\dji-only\00_dataset_input_2026-08-22_16-00-31.txt","0.002","8/25/2026 11:00:27 AM","4","PATH_DJI;CONTENT_DJI","False"
"C:\nerfstudio_work\thesis\03-panteon-asociacion-catalana\01-logs\dji-only\splatfacto-full\train-splatfacto-full-ds4.log","0.017","8/25/2026 11:00:27 AM","4","PATH_DJI;CONTENT_DJI","False"
"C:\nerfstudio_work\thesis\03-panteon-asociacion-catalana\01-logs\dji-only\splatfacto-full\train-splatfacto-full.log","0.011","8/25/2026 11:00:27 AM","4","PATH_DJI;CONTENT_DJI","False"
"C:\nerfstudio_work\thesis\03-panteon-asociacion-catalana\01-logs\dji-only\splatfacto-full\export-splat-ds8.log","0.006","8/25/2026 11:00:27 AM","4","PATH_DJI;CONTENT_DJI","False"
"C:\nerfstudio_work\thesis\03-panteon-asociacion-catalana\01-logs\dji\09_ffmpeg_splatfacto_video.log","0.006","8/25/2026 11:00:27 AM","4","PATH_DJI;CONTENT_DJI","False"
"C:\nerfstudio_work\thesis\03-panteon-asociacion-catalana\01-logs\dji\08_render_splatfacto_dataset.log","0.002","8/25/2026 11:00:27 AM","4","PATH_DJI;CONTENT_DJI","False"
"C:\nerfstudio_work\thesis\03-panteon-asociacion-catalana\01-logs\dji\10_export_gaussian_splat_ply.log","0.001","8/25/2026 11:00:27 AM","4","PATH_DJI;CONTENT_DJI","False"
"C:\nerfstudio_work\thesis\03-panteon-asociacion-catalana\01-logs\insta360\01_realityscan_alignment.log","0.001","8/25/2026 11:00:27 AM","4","PATH_INSTA360;CONTENT_INSTA360","False"
"C:\nerfstudio_work\thesis\03-panteon-asociacion-catalana\01-logs\insta360\06_ffmpeg_nerfacto_video.log","0.006","8/25/2026 11:00:27 AM","4","PATH_INSTA360;CONTENT_INSTA360","False"
"C:\nerfstudio_work\thesis\03-panteon-asociacion-catalana\01-logs\insta360\07_train_splatfacto.log","4.325","8/25/2026 11:00:27 AM","4","PATH_INSTA360;CONTENT_INSTA360","False"
"C:\nerfstudio_work\thesis\03-panteon-asociacion-catalana\01-logs\insta360\08_render_splatfacto_dataset.log","0.002","8/25/2026 11:00:27 AM","4","PATH_INSTA360;CONTENT_INSTA360","False"
"C:\nerfstudio_work\thesis\03-panteon-asociacion-catalana\01-logs\insta360\04_train_nerfacto.log","4.316","8/25/2026 11:00:27 AM","4","PATH_INSTA360;CONTENT_INSTA360","False"
"C:\nerfstudio_work\thesis\03-panteon-asociacion-catalana\01-logs\insta360\05_render_nerfacto_dataset.log","0.002","8/25/2026 11:00:27 AM","4","PATH_INSTA360;CONTENT_INSTA360","False"
"C:\nerfstudio_work\thesis\03-panteon-asociacion-catalana\01-logs\insta360\10_export_gaussian_splat_ply.log","0.001","8/25/2026 11:00:27 AM","4","PATH_INSTA360;CONTENT_INSTA360","False"
"C:\nerfstudio_work\thesis\03-panteon-asociacion-catalana\01-logs\insta360\00_dataset_info.log","0.001","8/25/2026 11:00:27 AM","4","PATH_INSTA360;CONTENT_INSTA360","False"
"C:\nerfstudio_work\thesis\03-panteon-asociacion-catalana\01-logs\insta360\99_experiment_summary.log","0.001","8/25/2026 11:00:27 AM","4","PATH_INSTA360;CONTENT_INSTA360","False"
"C:\nerfstudio_work\thesis\03-panteon-asociacion-catalana\01-logs\insta360\09_ffmpeg_splatfacto_video.log","0.006","8/25/2026 11:00:27 AM","4","PATH_INSTA360;CONTENT_INSTA360","False"
"C:\nerfstudio_work\thesis\03-panteon-asociacion-catalana\00-resumen\experiment-summary-insta360.txt","0.001","8/25/2026 11:00:27 AM","4","PATH_INSTA360;CONTENT_INSTA360","False"
"C:\nerfstudio_work\thesis\03-panteon-asociacion-catalana\00-resumen\experiment-summary-dji.txt","0.004","8/25/2026 11:00:27 AM","4","PATH_DJI;CONTENT_DJI","False"
"C:\nerfstudio_work\thesis\02-templete-central\01-logs\dji-only\colmap\ns-process-data-colmap.log","0.001","8/25/2026 11:00:14 AM","4","PATH_DJI;CONTENT_DJI","False"
"C:\nerfstudio_work\thesis\02-templete-central\01-logs\12_train_nerfacto_realityscan_insta360.log","4.478","8/25/2026 11:00:13 AM","4","PATH_INSTA360;CONTENT_INSTA360","False"
"C:\nerfstudio_work\thesis\02-templete-central\00-resumen\experiment-summary-dji.txt","0.003","8/25/2026 11:00:13 AM","4","PATH_DJI;CONTENT_DJI","False"
"C:\nerfstudio_work\thesis\01-paraguas-vicentelopez\01-logs\12_colmap_stereo_fusion_medium_high_nohup.log","0.104","8/25/2026 11:00:02 AM","4","PATH_COMBINED","False"
"C:\nerfstudio_work\thesis\01-paraguas-vicentelopez\01-logs\12_colmap_stereo_fusion_tmp.log","0.104","8/25/2026 11:00:02 AM","4","PATH_COMBINED","False"
"C:\nerfstudio_work\thesis\01-paraguas-vicentelopez\01-logs\12_colmap_stereo_fusion_clean.log","0.001","8/25/2026 11:00:02 AM","4","PATH_COMBINED","False"
"C:\nerfstudio_work\thesis\01-paraguas-vicentelopez\01-logs\12_colmap_stereo_fusion_clean_v2.log","0.104","8/25/2026 11:00:02 AM","4","PATH_COMBINED","False"
"C:\nerfstudio_work\thesis\01-paraguas-vicentelopez\01-logs\12_colmap_stereo_fusion_medium_nohup.log","0.103","8/25/2026 11:00:02 AM","4","PATH_COMBINED","False"
"C:\nerfstudio_work\thesis\01-paraguas-vicentelopez\01-logs\12_colmap_stereo_fusion_high_safe_nohup.log","0.104","8/25/2026 11:00:02 AM","4","PATH_COMBINED","False"
"C:\nerfstudio_work\panteon-chacarita\panteon-asociacion-catalana\logs\dji-only\splatfacto-full\export-splat-ds8.log","0.006","8/24/2026 8:45:31 AM","4","PATH_DJI;CONTENT_DJI","False"
"C:\nerfstudio_work\panteon-chacarita\panteon-asociacion-catalana\logs\dji-only\splatfacto-full\train-splatfacto-full-ds4.log","0.017","8/24/2026 8:44:44 AM","4","PATH_DJI;CONTENT_DJI","False"
"C:\nerfstudio_work\panteon-chacarita\panteon-asociacion-catalana\logs\dji-only\splatfacto-full\train-splatfacto-full.log","0.011","8/23/2026 9:41:49 PM","4","PATH_DJI;CONTENT_DJI","False"
"C:\nerfstudio_work\panteon-chacarita\panteon-asociacion-catalana\logs\dji-only\nerf300\render-downscale2-repeat1.log","0","8/23/2026 9:33:04 PM","4","PATH_DJI;CONTENT_DJI","False"
"C:\nerfstudio_work\panteon-chacarita\panteon-asociacion-catalana\logs\dji-only\nerf300\render-downscale2.log","0","8/23/2026 9:14:27 PM","4","PATH_DJI;CONTENT_DJI","False"
"C:\nerfstudio_work\panteon-chacarita\panteon-asociacion-catalana\logs\dji-only\nerf300\render-safe.log","0.006","8/23/2026 8:39:51 PM","4","PATH_DJI;CONTENT_DJI","False"
"C:\nerfstudio_work\panteon-chacarita\panteon-asociacion-catalana\logs\dji-only\nerf300\render-dataset-train-limited.log","0.006","8/23/2026 8:08:33 PM","4","PATH_DJI;CONTENT_DJI","False"
"C:\nerfstudio_work\panteon-chacarita\panteon-asociacion-catalana\logs\dji-only\nerf300\render-dataset-train.log","0.006","8/23/2026 7:51:08 PM","4","PATH_DJI;CONTENT_DJI","False"
"C:\nerfstudio_work\panteon-chacarita\panteon-asociacion-catalana\logs\dji-only\nerf300\training-summary.txt","0.002","8/23/2026 7:48:06 PM","4","PATH_DJI;CONTENT_DJI","False"
"C:\nerfstudio_work\panteon-chacarita\panteon-asociacion-catalana\logs\dji-only\04_nerfstudio_nerf_trainflow_debug.log","0.011","8/23/2026 2:59:28 PM","4","PATH_DJI;CONTENT_DJI","False"
"C:\nerfstudio_work\panteon-chacarita\panteon-asociacion-catalana\logs\dji-only\04_nerfstudio_nerf_setup_debug.log","0.01","8/23/2026 2:47:58 PM","4","PATH_DJI;CONTENT_DJI","False"
"C:\nerfstudio_work\panteon-chacarita\panteon-asociacion-catalana\logs\dji-only\04_nerfstudio_nerf_train_no_viewer.log","0.01","8/23/2026 2:39:28 PM","4","PATH_DJI;CONTENT_DJI","False"
"C:\nerfstudio_work\panteon-chacarita\panteon-asociacion-catalana\logs\dji-only\04_nerfstudio_nerf_train_debug.log","0.01","8/23/2026 2:29:37 PM","4","PATH_DJI;CONTENT_DJI","False"
"C:\nerfstudio_work\panteon-chacarita\panteon-asociacion-catalana\logs\dji-only\04_nerfstudio_nerf_train_sequential.log","0.01","8/23/2026 2:22:47 PM","4","PATH_DJI;CONTENT_DJI","False"
"C:\nerfstudio_work\panteon-chacarita\panteon-asociacion-catalana\logs\dji-only\04_nerfstudio_nerf_train_workers0.log","0.01","8/23/2026 2:11:37 PM","4","PATH_DJI;CONTENT_DJI","False"
"C:\nerfstudio_work\panteon-chacarita\panteon-asociacion-catalana\logs\dji-only\04_nerfstudio_nerf_train_localfs.log","0.01","8/23/2026 2:02:00 PM","4","PATH_DJI;CONTENT_DJI","False"
"C:\nerfstudio_work\panteon-chacarita\panteon-asociacion-catalana\logs\dji-only\04_nerfstudio_nerf_train_retry3.log","0.01","8/23/2026 1:52:39 PM","4","PATH_DJI;CONTENT_DJI","False"
"C:\nerfstudio_work\panteon-chacarita\panteon-asociacion-catalana\logs\dji-only\04_nerfstudio_nerf_train_retry2.log","0.01","8/23/2026 1:47:10 PM","4","PATH_DJI;CONTENT_DJI","False"
"C:\nerfstudio_work\panteon-chacarita\panteon-asociacion-catalana\logs\dji-only\04_nerfstudio_nerf_train_retry.log","0.01","8/23/2026 1:36:45 PM","4","PATH_DJI;CONTENT_DJI","False"
"C:\nerfstudio_work\panteon-chacarita\panteon-asociacion-catalana\logs\dji-only\03_nerfstudio_colmap_results_2026-08-23.txt","0.007","8/23/2026 1:21:32 PM","4","PATH_DJI;CONTENT_DJI","False"
"C:\nerfstudio_work\panteon-chacarita\panteon-asociacion-catalana\logs\dji-only\powershell_session.txt","0.001","8/22/2026 4:50:10 PM","4","PATH_DJI;CONTENT_DJI","False"
"C:\nerfstudio_work\panteon-chacarita\panteon-asociacion-catalana\logs\dji-only\01_realityscan_sfm_2026-08-22_16-46-20.txt","0.003","8/22/2026 4:46:21 PM","4","PATH_DJI;CONTENT_DJI","False"
"C:\nerfstudio_work\panteon-chacarita\panteon-asociacion-catalana\logs\dji-only\00_dataset_input_2026-08-22_16-00-31.txt","0.002","8/22/2026 4:00:36 PM","4","PATH_DJI;CONTENT_DJI","False"
"C:\nerfstudio_work\panteon-chacarita\panteon-asociacion-catalana\logs\dji\09_ffmpeg_splatfacto_video.log","0.006","8/13/2026 8:05:03 PM","4","PATH_DJI;CONTENT_DJI","False"
"C:\nerfstudio_work\panteon-chacarita\panteon-asociacion-catalana\logs\dji\08_render_splatfacto_dataset.log","0.002","8/13/2026 7:19:25 PM","4","PATH_DJI;CONTENT_DJI","False"
"C:\nerfstudio_work\panteon-chacarita\panteon-asociacion-catalana\logs\dji\10_export_gaussian_splat_ply.log","0.001","8/13/2026 7:04:50 PM","4","PATH_DJI;CONTENT_DJI","False"
"C:\nerfstudio_work\panteon-chacarita\panteon-asociacion-catalana\logs\insta360\99_experiment_summary.log","0.001","8/13/2026 3:29:55 PM","4","PATH_INSTA360;CONTENT_INSTA360","False"
"C:\nerfstudio_work\panteon-chacarita\panteon-asociacion-catalana\logs\insta360\10_export_gaussian_splat_ply.log","0.001","8/13/2026 3:18:52 PM","4","PATH_INSTA360;CONTENT_INSTA360","False"
"C:\nerfstudio_work\panteon-chacarita\panteon-asociacion-catalana\logs\insta360\09_ffmpeg_splatfacto_video.log","0.006","8/13/2026 3:16:01 PM","4","PATH_INSTA360;CONTENT_INSTA360","False"
"C:\nerfstudio_work\panteon-chacarita\panteon-asociacion-catalana\logs\insta360\08_render_splatfacto_dataset.log","0.002","8/13/2026 3:14:29 PM","4","PATH_INSTA360;CONTENT_INSTA360","False"
"C:\nerfstudio_work\panteon-chacarita\panteon-asociacion-catalana\logs\insta360\07_train_splatfacto.log","4.325","8/13/2026 3:09:19 PM","4","PATH_INSTA360;CONTENT_INSTA360","False"
"C:\nerfstudio_work\panteon-chacarita\panteon-asociacion-catalana\logs\insta360\06_ffmpeg_nerfacto_video.log","0.006","8/13/2026 12:32:51 PM","4","PATH_INSTA360;CONTENT_INSTA360","False"
"C:\nerfstudio_work\panteon-chacarita\panteon-asociacion-catalana\logs\insta360\05_render_nerfacto_dataset.log","0.002","8/13/2026 12:31:53 PM","4","PATH_INSTA360;CONTENT_INSTA360","False"
"C:\nerfstudio_work\panteon-chacarita\panteon-asociacion-catalana\logs\insta360\04_train_nerfacto.log","4.316","8/13/2026 11:40:08 AM","4","PATH_INSTA360;CONTENT_INSTA360","False"
"C:\nerfstudio_work\panteon-chacarita\panteon-asociacion-catalana\logs\insta360\01_realityscan_alignment.log","0.001","8/13/2026 10:26:48 AM","4","PATH_INSTA360;CONTENT_INSTA360","False"
"C:\nerfstudio_work\panteon-chacarita\panteon-asociacion-catalana\logs\insta360\00_dataset_info.log","0.001","8/13/2026 9:39:58 AM","4","PATH_INSTA360;CONTENT_INSTA360","False"
"C:\nerfstudio_work\thesis\03-panteon-asociacion-catalana\01-logs\dji-only\03_nerfstudio_colmap_model_analyzer.txt","0.001","8/25/2026 11:00:27 AM","2","PATH_DJI","False"
"C:\nerfstudio_work\thesis\03-panteon-asociacion-catalana\01-logs\dji-only\01_realityscan_sfm_2026-08-22.txt","0.004","8/25/2026 11:00:27 AM","2","PATH_DJI","False"
"C:\nerfstudio_work\thesis\03-panteon-asociacion-catalana\01-logs\dji\03_nerfstudio_dataset_conversion_max600.log","0.001","8/25/2026 11:00:27 AM","2","PATH_DJI","False"
"C:\nerfstudio_work\thesis\03-panteon-asociacion-catalana\01-logs\dji\03_nerfstudio_dataset_conversion.log","0.001","8/25/2026 11:00:27 AM","2","PATH_DJI","False"
"C:\nerfstudio_work\thesis\03-panteon-asociacion-catalana\01-logs\render-panteon\render-nerf-train.log","0.007","8/25/2026 11:00:27 AM","2","CONTENT_DJI","False"
"C:\nerfstudio_work\thesis\03-panteon-asociacion-catalana\01-logs\render-panteon\render-splat-train.log","0.001","8/25/2026 11:00:27 AM","2","CONTENT_DJI","False"
"C:\nerfstudio_work\thesis\03-panteon-asociacion-catalana\01-logs\experiment-trace\07_metrics\experiment-summary.txt","0.004","8/25/2026 11:00:27 AM","2","CONTENT_DJI","False"
"C:\nerfstudio_work\thesis\03-panteon-asociacion-catalana\01-logs\experiment-trace\07_metrics\checkpoints.txt","0","8/25/2026 11:00:27 AM","2","CONTENT_DJI","False"
"C:\nerfstudio_work\thesis\03-panteon-asociacion-catalana\01-logs\experiment-trace\06_exports\export-splat-ds8.log","0.006","8/25/2026 11:00:27 AM","2","CONTENT_DJI","False"
"C:\nerfstudio_work\thesis\03-panteon-asociacion-catalana\01-logs\experiment-trace\05_renders\nerfacto-render-success.log","0.007","8/25/2026 11:00:27 AM","2","CONTENT_DJI","False"
"C:\nerfstudio_work\thesis\03-panteon-asociacion-catalana\01-logs\experiment-trace\05_renders\splatfacto-render-success.log","0.001","8/25/2026 11:00:27 AM","2","CONTENT_DJI","False"
"C:\nerfstudio_work\thesis\03-panteon-asociacion-catalana\01-logs\experiment-trace\04_splatfacto\train-splatfacto-full-ds4.log","0.017","8/25/2026 11:00:27 AM","2","CONTENT_DJI","False"
"C:\nerfstudio_work\thesis\03-panteon-asociacion-catalana\01-logs\experiment-trace\03_nerfacto\training-summary.txt","0.002","8/25/2026 11:00:27 AM","2","CONTENT_DJI","False"
"C:\nerfstudio_work\thesis\03-panteon-asociacion-catalana\01-logs\experiment-trace\03_nerfacto\failed-render-attempts\render-safe.log","0.006","8/25/2026 11:00:27 AM","2","CONTENT_DJI","False"
"C:\nerfstudio_work\thesis\03-panteon-asociacion-catalana\01-logs\experiment-trace\03_nerfacto\failed-render-attempts\attempts-summary.txt","0.02","8/25/2026 11:00:27 AM","2","CONTENT_DJI","False"
"C:\nerfstudio_work\thesis\03-panteon-asociacion-catalana\01-logs\experiment-trace\03_nerfacto\failed-render-attempts\render-downscale2-repeat1.log","0","8/25/2026 11:00:27 AM","2","CONTENT_DJI","False"
"C:\nerfstudio_work\thesis\03-panteon-asociacion-catalana\01-logs\experiment-trace\03_nerfacto\failed-render-attempts\render-downscale2.log","0","8/25/2026 11:00:27 AM","2","CONTENT_DJI","False"
"C:\nerfstudio_work\thesis\03-panteon-asociacion-catalana\01-logs\experiment-trace\03_nerfacto\failed-render-attempts\render-dataset-train-limited.log","0.006","8/25/2026 11:00:27 AM","2","CONTENT_DJI","False"
"C:\nerfstudio_work\thesis\03-panteon-asociacion-catalana\01-logs\experiment-trace\03_nerfacto\failed-render-attempts\render-dataset-train.log","0.006","8/25/2026 11:00:27 AM","2","CONTENT_DJI","False"
"C:\nerfstudio_work\thesis\03-panteon-asociacion-catalana\01-logs\experiment-trace\01_dataset\dataset-summary.txt","0.001","8/25/2026 11:00:27 AM","2","CONTENT_DJI","False"
"C:\nerfstudio_work\thesis\03-panteon-asociacion-catalana\01-logs\experiment-trace\01_dataset\00_dataset_input_2026-08-22_16-00-31.txt","0.002","8/25/2026 11:00:27 AM","2","CONTENT_DJI","False"
"C:\nerfstudio_work\thesis\03-panteon-asociacion-catalana\01-logs\experiment-trace\02_sfm\03_nerfstudio_colmap_results_2026-08-23.txt","0.007","8/25/2026 11:00:27 AM","2","CONTENT_DJI","False"
"C:\nerfstudio_work\thesis\03-panteon-asociacion-catalana\01-logs\experiment-trace\02_sfm\01_realityscan_sfm_2026-08-22_16-46-20.txt","0.003","8/25/2026 11:00:27 AM","2","CONTENT_DJI","False"
"C:\nerfstudio_work\thesis\03-panteon-asociacion-catalana\01-logs\insta360\03_nerfstudio_dataset_conversion.log","0.001","8/25/2026 11:00:27 AM","2","PATH_INSTA360","False"
"C:\nerfstudio_work\thesis\02-templete-central\01-logs\08_ns_process_data_insta360_sequential_fisheye.log","0.001","8/25/2026 11:00:14 AM","2","PATH_INSTA360","False"
"C:\nerfstudio_work\thesis\02-templete-central\01-logs\04_ffmpeg_splatfacto_dataset_traj.log","0.006","8/25/2026 11:00:14 AM","2","CONTENT_INSTA360","False"
"C:\nerfstudio_work\thesis\02-templete-central\01-logs\03_render_splatfacto_dataset_trajectory.log","0.002","8/25/2026 11:00:14 AM","2","CONTENT_INSTA360","False"
"C:\nerfstudio_work\thesis\02-templete-central\01-logs\dji-only\nerf308\train-nerfacto.log","4.316","8/25/2026 11:00:14 AM","2","PATH_DJI","False"
"C:\nerfstudio_work\thesis\02-templete-central\01-logs\experiment-trace\01_realityscan-colmap\colmap-nerfstudio-failed.log","0.001","8/25/2026 11:00:13 AM","2","CONTENT_DJI","False"
"C:\nerfstudio_work\thesis\02-templete-central\01-logs\experiment-trace\04_splatfacto-train\train-splatfacto-ds8.log","4.319","8/25/2026 11:00:13 AM","2","CONTENT_INSTA360","False"
"C:\nerfstudio_work\thesis\02-templete-central\01-logs\experiment-trace\08_metrics\experiment-summary.txt","0.003","8/25/2026 11:00:13 AM","2","CONTENT_DJI","False"
"C:\nerfstudio_work\thesis\02-templete-central\01-logs\08_render_nerfacto_dataset_traj.log","0.002","8/25/2026 11:00:13 AM","2","CONTENT_INSTA360","False"
"C:\nerfstudio_work\thesis\02-templete-central\01-logs\05_ns_process_data_dji_sequential.log","0.001","8/25/2026 11:00:13 AM","2","PATH_DJI","False"
"C:\nerfstudio_work\thesis\02-templete-central\01-logs\09_ns_process_data_insta360_sequential_perspective.log","0.001","8/25/2026 11:00:13 AM","2","PATH_INSTA360","False"
"C:\nerfstudio_work\thesis\02-templete-central\01-logs\01_process_realityscan_insta360.log","0.001","8/25/2026 11:00:13 AM","2","PATH_INSTA360","False"
"C:\nerfstudio_work\thesis\02-templete-central\01-logs\05_export_gaussian_splat_ply.log","0.001","8/25/2026 11:00:13 AM","2","CONTENT_INSTA360","False"
"C:\nerfstudio_work\thesis\02-templete-central\01-logs\10_ns_process_data_insta360_sequential_perspective_multicam.log","0.001","8/25/2026 11:00:13 AM","2","PATH_INSTA360","False"
"C:\nerfstudio_work\thesis\02-templete-central\01-logs\00_system_dataset_info.log","0.014","8/25/2026 11:00:13 AM","2","CONTENT_INSTA360","False"
"C:\nerfstudio_work\thesis\02-templete-central\01-logs\11_process_realityscan_insta360.log","0.001","8/25/2026 11:00:13 AM","2","PATH_INSTA360","False"
"C:\nerfstudio_work\thesis\02-templete-central\01-logs\templete-central\splat-ds8\train-splatfacto-ds8.log","4.319","8/25/2026 11:00:13 AM","2","CONTENT_INSTA360","False"
"C:\nerfstudio_work\thesis\02-templete-central\01-logs\06_train_nerfacto.log","4.478","8/25/2026 11:00:13 AM","2","CONTENT_INSTA360","False"
"C:\nerfstudio_work\thesis\02-templete-central\01-logs\09_ffmpeg_nerfacto_dataset_traj.log","0.006","8/25/2026 11:00:13 AM","2","CONTENT_INSTA360","False"
"C:\nerfstudio_work\thesis\02-templete-central\01-logs\templete-central\splatfacto\train-splatfacto-ds8.log","0.014","8/25/2026 11:00:13 AM","2","CONTENT_INSTA360","False"
"C:\nerfstudio_work\thesis\02-templete-central\01-logs\02_train_splatfacto.log","4.377","8/25/2026 11:00:13 AM","2","CONTENT_INSTA360","False"
"C:\nerfstudio_work\thesis\01-paraguas-vicentelopez\01-logs\04_render_spiral_simple.log","0.001","8/25/2026 11:00:02 AM","2","CONTENT_INSTA360","False"
"C:\nerfstudio_work\thesis\01-paraguas-vicentelopez\01-logs\02_train_splatfacto.log","4.476","8/25/2026 11:00:02 AM","2","CONTENT_INSTA360","False"
"C:\nerfstudio_work\thesis\01-paraguas-vicentelopez\01-logs\04_render_spiral_rgb.log","0.001","8/25/2026 11:00:02 AM","2","CONTENT_INSTA360","False"
"C:\nerfstudio_work\thesis\01-paraguas-vicentelopez\01-logs\00_system_dataset_info.log","0.005","8/25/2026 11:00:02 AM","2","CONTENT_INSTA360","False"
"C:\nerfstudio_work\panteon-chacarita\panteon-asociacion-catalana\logs\experiment-trace\05_renders\splatfacto-render-success.log","0.001","8/25/2026 10:42:27 AM","2","CONTENT_DJI","False"
"C:\nerfstudio_work\panteon-chacarita\panteon-asociacion-catalana\logs\experiment-trace\07_metrics\experiment-summary.txt","0.004","8/25/2026 10:42:17 AM","2","CONTENT_DJI","False"
"C:\nerfstudio_work\panteon-chacarita\panteon-asociacion-catalana\logs\render-panteon\render-splat-train.log","0.001","8/25/2026 10:28:29 AM","2","CONTENT_DJI","False"
"C:\nerfstudio_work\panteon-chacarita\panteon-asociacion-catalana\logs\experiment-trace\05_renders\nerfacto-render-success.log","0.007","8/25/2026 10:23:47 AM","2","CONTENT_DJI","False"
"C:\nerfstudio_work\panteon-chacarita\panteon-asociacion-catalana\logs\render-panteon\render-nerf-train.log","0.007","8/25/2026 9:21:36 AM","2","CONTENT_DJI","False"
"C:\nerfstudio_work\panteon-chacarita\panteon-asociacion-catalana\logs\experiment-trace\03_nerfacto\failed-render-attempts\attempts-summary.txt","0.02","8/25/2026 8:20:46 AM","2","CONTENT_DJI","False"
"C:\nerfstudio_work\panteon-chacarita\panteon-asociacion-catalana\logs\experiment-trace\06_exports\export-splat-ds8.log","0.006","8/25/2026 8:20:23 AM","2","CONTENT_DJI","False"
"C:\nerfstudio_work\panteon-chacarita\panteon-asociacion-catalana\logs\experiment-trace\04_splatfacto\train-splatfacto-full-ds4.log","0.017","8/25/2026 8:20:23 AM","2","CONTENT_DJI","False"
"C:\nerfstudio_work\panteon-chacarita\panteon-asociacion-catalana\logs\experiment-trace\03_nerfacto\failed-render-attempts\render-safe.log","0.006","8/25/2026 8:20:22 AM","2","CONTENT_DJI","False"
"C:\nerfstudio_work\panteon-chacarita\panteon-asociacion-catalana\logs\experiment-trace\03_nerfacto\failed-render-attempts\render-downscale2-repeat1.log","0","8/25/2026 8:20:22 AM","2","CONTENT_DJI","False"
"C:\nerfstudio_work\panteon-chacarita\panteon-asociacion-catalana\logs\experiment-trace\03_nerfacto\failed-render-attempts\render-downscale2.log","0","8/25/2026 8:20:22 AM","2","CONTENT_DJI","False"
"C:\nerfstudio_work\panteon-chacarita\panteon-asociacion-catalana\logs\experiment-trace\03_nerfacto\failed-render-attempts\render-dataset-train-limited.log","0.006","8/25/2026 8:20:22 AM","2","CONTENT_DJI","False"
"C:\nerfstudio_work\panteon-chacarita\panteon-asociacion-catalana\logs\experiment-trace\03_nerfacto\failed-render-attempts\render-dataset-train.log","0.006","8/25/2026 8:20:22 AM","2","CONTENT_DJI","False"
"C:\nerfstudio_work\panteon-chacarita\panteon-asociacion-catalana\logs\experiment-trace\03_nerfacto\training-summary.txt","0.002","8/25/2026 8:20:22 AM","2","CONTENT_DJI","False"
"C:\nerfstudio_work\panteon-chacarita\panteon-asociacion-catalana\logs\experiment-trace\02_sfm\03_nerfstudio_colmap_results_2026-08-23.txt","0.007","8/25/2026 8:20:22 AM","2","CONTENT_DJI","False"
"C:\nerfstudio_work\panteon-chacarita\panteon-asociacion-catalana\logs\experiment-trace\02_sfm\01_realityscan_sfm_2026-08-22_16-46-20.txt","0.003","8/25/2026 8:20:22 AM","2","CONTENT_DJI","False"
"C:\nerfstudio_work\panteon-chacarita\panteon-asociacion-catalana\logs\experiment-trace\01_dataset\00_dataset_input_2026-08-22_16-00-31.txt","0.002","8/25/2026 8:20:22 AM","2","CONTENT_DJI","False"
"C:\nerfstudio_work\panteon-chacarita\panteon-asociacion-catalana\logs\experiment-trace\01_dataset\dataset-summary.txt","0.001","8/25/2026 8:12:29 AM","2","CONTENT_DJI","False"
"C:\nerfstudio_work\panteon-chacarita\panteon-asociacion-catalana\logs\experiment-trace\07_metrics\checkpoints.txt","0","8/25/2026 8:12:21 AM","2","CONTENT_DJI","False"
"C:\nerfstudio_work\panteon-chacarita\panteon-asociacion-catalana\sfm-djionly\colmap-nerfstudio\colmap\text\points3D.txt","100.119","8/23/2026 3:30:27 PM","2","PATH_DJI","False"
"C:\nerfstudio_work\panteon-chacarita\panteon-asociacion-catalana\sfm-djionly\colmap-nerfstudio\colmap\text\images.txt","585.862","8/23/2026 3:08:51 PM","2","PATH_DJI","False"
"C:\nerfstudio_work\panteon-chacarita\panteon-asociacion-catalana\sfm-djionly\colmap-nerfstudio\colmap\text\cameras.txt","0","8/23/2026 3:06:05 PM","2","PATH_DJI","False"
"C:\nerfstudio_work\panteon-chacarita\panteon-asociacion-catalana\logs\dji-only\03_nerfstudio_colmap_model_analyzer.txt","0.001","8/23/2026 1:18:41 PM","2","PATH_DJI","False"
"C:\nerfstudio_work\panteon-chacarita\panteon-asociacion-catalana\logs\dji-only\01_realityscan_sfm_2026-08-22.txt","0.004","8/22/2026 4:52:59 PM","2","PATH_DJI","False"
"C:\nerfstudio_work\panteon-chacarita\panteon-asociacion-catalana\sfm-djionly\colmap-realityscan\sparse\0\points3D.txt","205.894","8/22/2026 4:42:24 PM","2","PATH_DJI","False"
"C:\nerfstudio_work\panteon-chacarita\panteon-asociacion-catalana\sfm-djionly\colmap-realityscan\sparse\0\images.txt","264.651","8/22/2026 4:41:56 PM","2","PATH_DJI","False"
"C:\nerfstudio_work\panteon-chacarita\panteon-asociacion-catalana\sfm-djionly\colmap-realityscan\sparse\0\cameras.txt","0.098","8/22/2026 4:41:39 PM","2","PATH_DJI","False"
"C:\nerfstudio_work\panteon-chacarita\panteon-asociacion-catalana\logs\dji\03_nerfstudio_dataset_conversion.log","0.001","8/13/2026 4:56:42 PM","2","PATH_DJI","False"
"C:\nerfstudio_work\panteon-chacarita\panteon-asociacion-catalana\logs\dji\03_nerfstudio_dataset_conversion_max600.log","0.001","8/13/2026 4:50:04 PM","2","PATH_DJI","False"
"C:\nerfstudio_work\panteon-chacarita\panteon-asociacion-catalana\logs\insta360\03_nerfstudio_dataset_conversion.log","0.001","8/13/2026 10:24:47 AM","2","PATH_INSTA360","False"
